{
  "ie": {
    "6": 0,
    "7": 0.010659916791735214,
    "8": 0,
    "9": 0.0003748542168522273,
    "10": 0,
    "11": 0.3519412528471349,
    "5.5": 0
  },
  "edge": {
    "12": 0.00007028516565979263,
    "13": 0,
    "14": 0.009418212198412212,
    "15": 0.0006325664909381336,
    "16": 0.0007028516565979262,
    "17": 0.022210112348494467,
    "18": 0.024412380872501305,
    "79": 0,
    "80": 0.0021085549697937786,
    "81": 0.00007028516565979263,
    "83": 0.00023428388553264204,
    "84": 0.01035534774054278,
    "85": 0.0009371355421305682,
    "86": 0.0008434219879175115,
    "87": 0.0009371355421305682,
    "88": 0.010261634186329723,
    "89": 0.013237039532594278,
    "90": 0.010261634186329723,
    "91": 0.06883260556949024,
    "92": 0.3066541777736752,
    "93": 2.4717418491464804,
    "94": 3.158404489254101,
    "95": 2.8509068894925083,
    "96": 1.884509290058913
  },
  "firefox": {
    "2": 0,
    "3": 0.00007028516565979263,
    "4": 0,
    "5": 0,
    "6": 0,
    "7": 0,
    "8": 0,
    "9": 0,
    "10": 0,
    "11": 0,
    "12": 0,
    "13": 0,
    "14": 0,
    "15": 0,
    "16": 0,
    "17": 0.00016399871987284945,
    "18": 0,
    "19": 0,
    "20": 0,
    "21": 0,
    "22": 0,
    "23": 0,
    "24": 0.00016399871987284945,
    "25": 0,
    "26": 0,
    "27": 0,
    "28": 0,
    "29": 0,
    "30": 0,
    "31": 0,
    "32": 0,
    "33": 0,
    "34": 0,
    "35": 0,
    "36": 0,
    "37": 0.00007028516565979263,
    "38": 0,
    "39": 0,
    "40": 0.00007028516565979263,
    "41": 0,
    "42": 0,
    "43": 0.0003982826054054915,
    "44": 0,
    "45": 0.000562281325278341,
    "46": 0.0003748542168522273,
    "47": 0.0006091381023848694,
    "48": 0.0005388529367250768,
    "49": 0.0003279974397456989,
    "50": 0.00023428388553264204,
    "51": 0.00023428388553264204,
    "52": 0.001569702033068702,
    "53": 0.00044513938251201994,
    "54": 0.0003045690511924347,
    "55": 0.0003279974397456989,
    "56": 0.003139404066137404,
    "57": 0.0004685677710652841,
    "58": 0.00007028516565979263,
    "59": 0.0027176930721786482,
    "60": 0,
    "61": 0.00023428388553264204,
    "62": 0.0003045690511924347,
    "63": 0.0026474079065188553,
    "64": 0,
    "65": 0,
    "66": 0,
    "67": 0.00014057033131958526,
    "68": 0.0010777058734501535,
    "69": 0.0005388529367250768,
    "70": 0.00016399871987284945,
    "71": 0.00014057033131958526,
    "72": 0.0020148414155807216,
    "73": 0.00007028516565979263,
    "74": 0.0007028516565979262,
    "75": 0.00016399871987284945,
    "76": 0.0011714194276632103,
    "77": 0.001803985918601344,
    "78": 0.10069521400192956,
    "79": 0.00023428388553264204,
    "80": 0.0023428388553264207,
    "81": 0.0007028516565979262,
    "82": 0.010753630345948272,
    "83": 0.0014291317017491166,
    "84": 0.0007731368222577188,
    "85": 0.001944556249920929,
    "86": 0.005529099698570353,
    "87": 0.006864517846106413,
    "88": 0.012627901430209407,
    "89": 0.00679423268044662,
    "90": 0.016189016490305567,
    "91": 0.1853185534563199,
    "92": 1.0410873021414015,
    "93": 0.5929490858945639,
    "94": 0.7602746369419768,
    "95": 0.006536520406360714,
    "96": 0.00007028516565979263,
    "3.5": 0,
    "3.6": 0
  },
  "chrome": {
    "4": 0.00007028516565979263,
    "5": 0,
    "6": 0,
    "7": 0,
    "8": 0,
    "9": 0,
    "10": 0,
    "11": 0,
    "12": 0,
    "13": 0,
    "14": 0,
    "15": 0,
    "16": 0,
    "17": 0,
    "18": 0,
    "19": 0,
    "20": 0,
    "21": 0,
    "22": 0,
    "23": 0,
    "24": 0,
    "25": 0,
    "26": 0,
    "27": 0,
    "28": 0,
    "29": 0,
    "30": 0,
    "31": 0,
    "32": 0.00016399871987284945,
    "33": 0,
    "34": 0.0004685677710652841,
    "35": 0,
    "36": 0,
    "37": 0.001241704593323003,
    "38": 0.00007028516565979263,
    "39": 0.0010777058734501535,
    "40": 0,
    "41": 0.0003045690511924347,
    "42": 0,
    "43": 0.0003982826054054915,
    "44": 0.00007028516565979263,
    "45": 0,
    "46": 0,
    "47": 0,
    "48": 0,
    "49": 0.004826248041972426,
    "50": 0,
    "51": 0.00007028516565979263,
    "52": 0,
    "53": 0.002483409186646006,
    "54": 0.0003982826054054915,
    "55": 0.00007028516565979263,
    "56": 0.00007028516565979263,
    "57": 0.00007028516565979263,
    "58": 0.00007028516565979263,
    "59": 0.0003748542168522273,
    "60": 0.0003982826054054915,
    "61": 0.0006325664909381336,
    "62": 0.003654828614309216,
    "63": 0.0018508426957078725,
    "64": 0.31965693342073687,
    "65": 0.02483409186646006,
    "66": 0.0009839923192370968,
    "67": 0.022420967845473847,
    "68": 0.004357680270907142,
    "69": 0.001944556249920929,
    "70": 0.3768456298792548,
    "71": 0.013447895029573654,
    "72": 0.3220934858302763,
    "73": 0.02389695632432949,
    "74": 0.011667337499525575,
    "75": 0.01808671596311997,
    "76": 0.08274906837012919,
    "77": 0.006208522966615015,
    "78": 0.013073040812721428,
    "79": 0.6754404419906072,
    "80": 0.36232002897623095,
    "81": 0.03324488335708191,
    "83": 0.08713017702958958,
    "84": 0.025138660917652496,
    "85": 0.07300285873197127,
    "86": 0.08356906196949343,
    "87": 0.21530689080449805,
    "88": 0.1164390911097231,
    "89": 0.13761835436187395,
    "90": 0.21968799946395848,
    "91": 1.1997677778126599,
    "92": 3.039927128340244,
    "93": 12.724684103322941,
    "94": 14.056072568027842,
    "95": 10.206460331286786,
    "96": 8.317944786785263,
    "97": 0.00206169819268725,
    "98": 0.0009371355421305682,
    "99": 0
  },
  "safari": {
    "4": 0,
    "5": 0,
    "6": 0,
    "7": 0,
    "8": 0.0011011342620034178,
    "9": 0,
    "10": 0.000562281325278341,
    "11": 0.007473655948491282,
    "12": 0.026099224848336326,
    "13": 0.1207030578264172,
    "14": 1.1931375438520864,
    "15": 1.4825484276505592,
    "3.1": 0,
    "3.2": 0,
    "5.1": 0,
    "6.1": 0.00007028516565979263,
    "7.1": 0,
    "9.1": 0.002811406626391705,
    "10.1": 0.017993002408906913,
    "11.1": 0.04751277198601982,
    "12.1": 0.2755647061634936,
    "13.1": 0.7117778726367199,
    "14.1": 4.5452245212760225,
    "15.1": 0.6961511374716927,
    "TP": 0
  },
  "opera": {
    "9": 0,
    "11": 0,
    "12": 0,
    "15": 0,
    "16": 0,
    "17": 0,
    "18": 0,
    "19": 0,
    "20": 0,
    "21": 0,
    "22": 0,
    "23": 0,
    "24": 0,
    "25": 0,
    "26": 0,
    "27": 0,
    "28": 0,
    "29": 0,
    "30": 0,
    "31": 0,
    "32": 0,
    "33": 0,
    "34": 0,
    "35": 0,
    "36": 0,
    "37": 0,
    "38": 0,
    "39": 0,
    "40": 0,
    "41": 0,
    "42": 0,
    "43": 0,
    "44": 0,
    "45": 0,
    "46": 0,
    "47": 0.00007028516565979263,
    "48": 0,
    "49": 0,
    "50": 0,
    "51": 0,
    "52": 0,
    "53": 0,
    "54": 0,
    "55": 0,
    "56": 0,
    "57": 0,
    "58": 0,
    "60": 0,
    "62": 0,
    "63": 0,
    "64": 0,
    "65": 0,
    "66": 0,
    "67": 0,
    "68": 0,
    "69": 0,
    "70": 0,
    "71": 0.00016399871987284945,
    "72": 0,
    "73": 0,
    "74": 0,
    "75": 0.0159078758276664,
    "76": 0,
    "77": 0.004755962876312634,
    "78": 0.04270995233260065,
    "79": 0.05941439337107803,
    "80": 0.07944566558411892,
    "81": 0.05515042665438395,
    "82": 0.001944556249920929,
    "9.5-9.6": 0,
    "10.0-10.1": 0,
    "10.5": 0,
    "10.6": 0,
    "11.1": 0,
    "11.5": 0,
    "11.6": 0,
    "12.1": 0.0007731368222577188
  },
  "ios_saf": {
    "8": 0.00021085549697937787,
    "3.2": 0,
    "4.0-4.1": 0,
    "4.2-4.3": 0,
    "5.0-5.1": 0,
    "6.0-6.1": 0.00007028516565979263,
    "7.0-7.1": 0.00016399871987284945,
    "8.1-8.4": 0.0003045690511924347,
    "9.0-9.2": 0.002272553689666628,
    "9.3": 0.004896533207632219,
    "10.0-10.2": 0.0013119897589827956,
    "10.3": 0.01625930165596536,
    "11.0-11.2": 0.0053651009786975035,
    "11.3-11.4": 0.007239372062958639,
    "12.0-12.1": 0.006372521686487864,
    "12.2-12.5": 0.12939498997967822,
    "13.0-13.1": 0.04041397025438075,