{
  "ie": {
    "6": 0,
    "7": 0.04000751274384525,
    "8": 0.007269901470548907,
    "9": 0.06928692564320185,
    "10": 0.006793438583472763,
    "11": 3.8060009117347895,
    "5.5": 0
  },
  "edge": {
    "12": 0.08917540873599315,
    "13": 0.026512854200204786,
    "14": 0.44211144989500906,
    "15": 0.09366338173683941,
    "16": 0.31025418833932394,
    "17": 6.845403777705164,
    "18": 0.5655153376477304
  },
  "firefox": {
    "2": 0,
    "3": 0,
    "4": 0,
    "5": 0,
    "6": 0,
    "7": 0,
    "8": 0,
    "9": 0,
    "10": 0,
    "11": 0,
    "12": 0.0002612860993643371,
    "13": 0,
    "14": 0,
    "15": 0,
    "16": 0,
    "17": 0,
    "18": 0,
    "19": 0.000046109311652530065,
    "20": 0,
    "21": 0,
    "22": 0,
    "23": 0.00010758839385590349,
    "24": 0.000046109311652530065,
    "25": 0,
    "26": 0.00010758839385590349,
    "27": 0.0011066234796607215,
    "28": 0,
    "29": 0.000046109311652530065,
    "30": 0,
    "31": 0,
    "32": 0,
    "33": 0.000046109311652530065,
    "34": 0.0003073954110168671,
    "35": 0.26568185374187825,
    "36": 0.00015369770550843355,
    "37": 0.000046109311652530065,
    "38": 0.001260321185169155,
    "39": 0.00015369770550843355,
    "40": 0.00019980701716096363,
    "41": 0.000046109311652530065,
    "42": 0.0010297746269065048,
    "43": 0.004226686901481922,
    "44": 0,
    "45": 0.004703149788558067,
    "46": 0.0003073954110168671,
    "47": 0.00673195950126939,
    "48": 0.01881259915423227,
    "49": 0.005102763822879994,
    "50": 0.0007223792158896376,
    "51": 0.0047953684118631264,
    "52": 0.12873719813386392,
    "53": 0.0006762699042371076,
    "54": 0.0004610931165253007,
    "55": 0.000952925774152288,
    "56": 0.015062375139826488,
    "57": 0.006916396747879509,
    "58": 0.00888372737838746,
    "59": 0.025821214525416837,
    "60": 0.2185888767740942,
    "61": 0.0772484667885387,
    "62": 0.06058763551142451,
    "63": 0.9791004934003742,
    "64": 1.7332182854775033,
    "65": 0.41472251877340627,
    "66": 0.002044179483262166,
    "67": 0,
    "3.5": 0,
    "3.6": 0
  },
  "chrome": {
    "4": 0,
    "5": 0,
    "6": 0,
    "7": 0,
    "8": 0,
    "9": 0,
    "10": 0,
    "11": 0.00015369770550843355,
    "12": 0,
    "13": 0,
    "14": 0,
    "15": 0,
    "16": 0,
    "17": 0.000046109311652530065,
    "18": 0,
    "19": 0,
    "20": 0.00021517678771180697,
    "21": 0,
    "22": 0,
    "23": 0,
    "24": 0,
    "25": 0.000046109311652530065,
    "26": 0.0003688744932202405,
    "27": 0.000046109311652530065,
    "28": 0,
    "29": 0.00009221862330506013,
    "30": 0,
    "31": 0,
    "32": 0,
    "33": 0.000046109311652530065,
    "34": 0,
    "35": 0.00015369770550843355,
    "36": 0.004703149788558067,
    "37": 0.00015369770550843355,
    "38": 0,
    "39": 0.002812668010804334,
    "40": 0.0016753049900419257,
    "41": 0.0003688744932202405,
    "42": 0.01140436974872577,
    "43": 0.0004610931165253007,
    "44": 0.002551381911439997,
    "45": 0.005748294186015415,
    "46": 0.002044179483262166,
    "47": 0.0028895168635585506,
    "48": 0.006117168679235655,
    "49": 0.18025666902029086,
    "50": 0.004687780018007223,
    "51": 0.017721345445122386,
    "52": 0.0164149149483007,
    "53": 0.0054408987749985475,
    "54": 0.0012449514146183117,
    "55": 0.03256854379723707,
    "56": 0.05095078937604572,
    "57": 0.11304466240145286,
    "58": 0.11628768398768083,
    "59": 0.013048935197666008,
    "60": 0.014678130876055403,
    "61": 0.04755407008430934,
    "62": 0.050074712454647646,
    "63": 0.17111165554253907,
    "64": 0.07007078394129485,
    "65": 0.12348073660547551,
    "66": 0.1876802681963482,
    "67": 1.649745061615873,
    "68": 0.40233448370942654,
    "69": 0.7953856260061436,
    "70": 14.160707550461263,
    "71": 26.245420192620113,
    "72": 2.072198574976354,
    "73": 0.017106554623088653,
    "74": 0.0060249500559305955,
    "75": 0
  },
  "safari": {
    "4": 0,
    "5": 0,
    "6": 0.00015369770550843355,
    "7": 0.0009221862330506014,
    "8": 0.018505203743215397,
    "9": 0.013233372444276128,
    "10": 0.09198807674679747,
    "11": 0.40035178330836774,
    "12": 5.975751420397345,
    "3.1": 0,
    "3.2": 0,
    "5.1": 0.00224398650042313,
    "6.1": 0.0017214143016944558,
    "7.1": 0,
    "9.1": 0.1444912129484784,
    "10.1": 0.5607353390064181,
    "11.1": 1.4841665234716377,
    "12.1": 0.0021978771887706,
    "TP": 0
  },
  "opera": {
    "9": 0,
    "11": 0,
    "12": 0,
    "15": 0,
    "16": 0,
    "17": 0,
    "18": 0,
    "19": 0,
    "20": 0,
    "21": 0,
    "22": 0,
    "23": 0,
    "24": 0,
    "25": 0,
    "26": 0,
    "27": 0,
    "28": 0,
    "29": 0,
    "30": 0,
    "31": 0,
    "32": 0,
    "33": 0,
    "34": 0,
    "35": 0,
    "36": 0.0008914466919489146,
    "37": 0,
    "38": 0,
    "39": 0,
    "40": 0.000046109311652530065,
    "41": 0.0002612860993643371,
    "42": 0,
    "43": 0,
    "44": 0,
    "45": 0,
    "46": 0,
    "47": 0,
    "48": 0,
    "49": 0.000046109311652530065,
    "50": 0,
    "51": 0,
    "52": 0,
    "53": 0,
    "54": 0.000046109311652530065,
    "55": 0.0009836653152539747,
    "56": 0.05860493511036571,
    "57": 0.09536942626798302,
    "9.5-9.6": 0.00010758839385590349,
    "10.0-10.1": 0,
    "10.5": 0,
    "10.6": 0,
    "11.1": 0,
    "11.5": 0,
    "11.6": 0,
    "12.1": 0.0003535047226693972
  },
  "ios_saf": {
    "8": 0.0003073954110168671,
    "3.2": 0,
    "4.0-4.1": 0,
    "4.2-4.3": 0,
    "5.0-5.1": 0.0006762699042371076,
    "6.0-6.1": 0.0065321524841084255,
    "7.0-7.1": 0.01346391900253878,
    "8.1-8.4": 0.012587842081140707,
    "9.0-9.2": 0.012741539786649141,
    "9.3": 0.12909070285653335,
    "10.0-10.2": 0.18403763257579833,
    "10.3": 0.4061000774943831,
    "11.0-11.2": 0.970493421891902,
    "11.3-11.4": 2.2373774990862674,
    "12.0-12.1": 16.023354673747416,
    "12.2": 0.021287132212918045
  },
  "op_mini": {
    "all": 0.010774209156141192
  },
  "android": {
    "3": 0.000046109311652530065,
    "4": 0.00015369770550843355,
    "67": 0.14366124533873284,
    "2.1": 0,
    "2.2": 0,
    "2.3": 0.00009221862330506013,
    "4.1": 0.00010758839385590349,
    "4.2-4.3": 0.0008299676097455412,
    "4.4": 0.0007684885275421677,
    "4.4.3-4.4.4": 0
  },
  "bb": {
    "7": 0.0006301605925845775,
    "10": 0.0011066234796607215
  },
  "op_mob": {
    "10": 0.0017214143016944558,
    "11": 0.0017214143016944558,
    "12": 0.0017214143016944558,
    "46": 0.0017214143016944558,
    "11.1": 0.0017214143016944558,
    "11.5": 0.0017214143016944558,
    "12.1": 0.0017214143016944558
  },
  "and_chr": {
    "71": 6.86646036335982
  },
  "and_ff": {
    "64": 0.130105107712889
  },
  "ie_mob": {
    "10": 0,
    "11": 0
  },
  "and_uc": {
    "11.8": 0.007946171374786015
  },
  "samsung": {
    "4": 0,
    "5.0-5.4": 0,
    "6.2-6.4": 0,
    "7.2-7.4": 0,
    "8.2": 0
  },
  "and_qq": {
    "1.2": 0
  },
  "baidu": {
    "7.12": 0
  }
}