{
  "ie": {
    "6": 0,
    "7": 0.018500482025962346,
    "8": 0,
    "9": 0.0008409310011801064,
    "10": 0.00023718566699951722,
    "11": 0.8641967588794227,
    "5.5": 0
  },
  "edge": {
    "12": 0.0007331193343621442,
    "13": 0.0004959336673626269,
    "14": 0.0021562333363592478,
    "15": 0.0037518460052650905,
    "16": 0.01979422202777789,
    "17": 0.054078332075889926,
    "18": 1.0590986901529351,
    "79": 0.00012937400018155486,
    "80": 0.01793986135850894,
    "81": 0.07538191743911929,
    "83": 0.004937774340262677,
    "84": 0.017616426358055052,
    "85": 0.275609745053439,
    "86": 4.640278826845192,
    "87": 3.8512483620712517
  },
  "firefox": {
    "2": 0,
    "3": 0,
    "4": 0.00012937400018155486,
    "5": 0,
    "6": 0,
    "7": 0,
    "8": 0,
    "9": 0,
    "10": 0,
    "11": 0,
    "12": 0,
    "13": 0,
    "14": 0,
    "15": 0,
    "16": 0,
    "17": 0,
    "18": 0,
    "19": 0,
    "20": 0,
    "21": 0,
    "22": 0,
    "23": 0,
    "24": 0,
    "25": 0,
    "26": 0.00012937400018155486,
    "27": 0.00006468700009077743,
    "28": 0,
    "29": 0,
    "30": 0,
    "31": 0.00006468700009077743,
    "32": 0.0003665596671810721,
    "33": 0,
    "34": 0,
    "35": 0,
    "36": 0,
    "37": 0,
    "38": 0,
    "39": 0,
    "40": 0.00006468700009077743,
    "41": 0.00006468700009077743,
    "42": 0,
    "43": 0,
    "44": 0,
    "45": 0.00012937400018155486,
    "46": 0.00006468700009077743,
    "47": 0.001229053001724771,
    "48": 0.003083413670993724,
    "49": 0,
    "50": 0.0002587480003631097,
    "51": 0.0035577850049927583,
    "52": 0.0026090423369946893,
    "53": 0,
    "54": 0.00226404500317721,
    "55": 0.00006468700009077743,
    "56": 0.003083413670993724,
    "57": 0.0005606206674534044,
    "58": 0.001401551668633511,
    "59": 0.0006684323342713667,
    "60": 0.0007978063344529216,
    "61": 0.0004959336673626269,
    "62": 0.00043124666727184947,
    "63": 0.00043124666727184947,
    "64": 0,
    "65": 0.0021562333363592478,
    "66": 0.001229053001724771,
    "67": 0.0008624933345436989,
    "68": 0.02371856669995172,
    "69": 0.00444184067290005,
    "70": 0.005541519674443266,
    "71": 0.0005606206674534044,
    "72": 0.008624933345436991,
    "73": 0.0017896736691781754,
    "74": 0.014705511353970066,
    "75": 0.004679026339899567,
    "76": 0.0026090423369946893,
    "77": 0.009724612346980206,
    "78": 0.18043360558654184,
    "79": 0.003255912337902464,
    "80": 0.04922680706908162,
    "81": 0.5775902238105517,
    "82": 0.8827403655721122,
    "83": 0.8328666885021229,
    "84": 0.3525225881613734,
    "85": 0.0017896736691781754,
    "86": 0.0006037453341805893,
    "3.5": 0,
    "3.6": 0.00006468700009077743
  },
  "chrome": {
    "4": 0,
    "5": 0,
    "6": 0,
    "7": 0,
    "8": 0,
    "9": 0,
    "10": 0,
    "11": 0,
    "12": 0,
    "13": 0,
    "14": 0,
    "15": 0,
    "16": 0,
    "17": 0,
    "18": 0,
    "19": 0.00006468700009077743,
    "20": 0,
    "21": 0,
    "22": 0,
    "23": 0,
    "24": 0,
    "25": 0,
    "26": 0,
    "27": 0,
    "28": 0,
    "29": 0,
    "30": 0.00006468700009077743,
    "31": 0.00012937400018155486,
    "32": 0,
    "33": 0,
    "34": 0,
    "35": 0,
    "36": 0,
    "37": 0.001229053001724771,
    "38": 0.00006468700009077743,
    "39": 0.0003665596671810721,
    "40": 0.001185928334997586,
    "41": 0.0003665596671810721,
    "42": 0.00012937400018155486,
    "43": 0,
    "44": 0.00012937400018155486,
    "45": 0.00006468700009077743,
    "46": 0.00012937400018155486,
    "47": 0.0002587480003631097,
    "48": 0.00012937400018155486,
    "49": 0.01444676335360696,
    "50": 0.00043124666727184947,
    "51": 0.0003665596671810721,
    "52": 0.00023718566699951722,
    "53": 0.0019837346694505076,
    "54": 0.00019406100027233227,
    "55": 0.00012937400018155486,
    "56": 0.0021346710029956553,
    "57": 0.0007762440010893291,
    "58": 0.009099304679436024,
    "59": 0.0007331193343621442,
    "60": 0.03128694571057268,
    "61": 0.0007546816677257367,
    "62": 0.005476832674352488,
    "63": 0.017271429024237575,
    "64": 0.05979235041724193,
    "65": 0.08422247411819221,
    "66": 0.0012721776684519559,
    "67": 0.03137319504402705,
    "68": 0.050326486070624836,
    "69": 0.03635409405101691,
    "70": 0.08471840778555484,
    "71": 0.034758481382111066,
    "72": 0.10927790548668666,
    "73": 0.014813323020788029,
    "74": 0.07413130210403093,
    "75": 0.06656292309340997,
    "76": 0.08948368345890877,
    "77": 0.07762440010893291,
    "78": 0.08614152178755193,
    "79": 0.270585721379722,
    "80": 0.22963885032225984,
    "81": 0.09726768580316565,
    "83": 0.9134882529485953,
    "84": 0.594559780167699,
    "85": 4.133628679800859,
    "86": 31.79637739862092,
    "87": 17.793949048637508,
    "88": 0.007029320676531147,
    "89": 0.001962172336086915,
    "90": 0
  },
  "safari": {
    "4": 0,
    "5": 0,
    "6": 0,
    "7": 0.00006468700009077743,
    "8": 0.001229053001724771,
    "9": 0,
    "10": 0.0021131086696320627,
    "11": 0.026349171370310003,
    "12": 0.06496731042450413,
    "13": 0.41712333891869635,
    "14": 5.475776120017672,
    "3.1": 0,
    "3.2": 0,
    "5.1": 0,
    "6.1": 0.0005606206674534044,
    "7.1": 0,
    "9.1": 0.00713713234334911,
    "10.1": 0.028871964373850326,
    "11.1": 0.2245717019818156,
    "12.1": 0.5012164390367071,
    "13.1": 2.634572139697183,
    "TP": 0
  },
  "opera": {
    "9": 0,
    "11": 0,
    "12": 0,
    "15": 0,
    "16": 0,
    "17": 0,
    "18": 0,
    "19": 0,
    "20": 0,
    "21": 0,
    "22": 0,
    "23": 0,
    "24": 0,
    "25": 0,
    "26": 0,
    "27": 0,
    "28": 0,
    "29": 0,
    "30": 0,
    "31": 0,
    "32": 0,
    "33": 0,
    "34": 0,
    "35": 0,
    "36": 0.00012937400018155486,
    "37": 0,
    "38": 0,
    "39": 0,
    "40": 0,
    "41": 0,
    "42": 0.00030187266709029464,
    "43": 0,
    "44": 0,
    "45": 0,
    "46": 0,
    "47": 0,
    "48": 0,
    "49": 0,
    "50": 0,
    "51": 0,
    "52": 0,
    "53": 0.0006684323342713667,
    "54": 0,
    "55": 0,
    "56": 0,
    "57": 0.00006468700009077743,
    "58": 0,
    "60": 0,
    "62": 0,
    "63": 0,
    "64": 0,
    "65": 0,
    "66": 0.00006468700009077743,
    "67": 0.0003665596671810721,
    "68": 0,
    "69": 0,
    "70": 0.00019406100027233227,
    "71": 0.04700588673263159,
    "72": 0.04226217339264125,
    "9.5-9.6": 0,
    "10.0-10.1": 0,
    "10.5": 0,
    "10.6": 0,
    "11.1": 0,
    "11.5": 0,
    "11.6": 0,
    "12.1": 0.0006899946676349592
  },
  "ios_saf": {
    "8": 0,
    "3.2": 0.00006468700009077743,
    "4.0-4.1": 0.00006468700009077743,
    "4.2-4.3": 0,
    "5.0-5.1": 0,
    "6.0-6.1": 0.00006468700009077743,
    "7.0-7.1": 0.0005606206674534044,
    "8.1-8.4": 0.00006468700009077743,
    "9.0-9.2": 0.0015309256688150657,
    "9.3": 0.006878384342985999,
    "10.0-10.2": 0.0023287320032679875,
    "10.3": 0.028181969706215365,
    "11.0-11.2": 0.014101766019789479,
    "11.3-11.4": 0.048213377400992775,
    "12.0-12.1": 0.05133991573871369,
    "12.2-12.4": 0.2984442560854834,
    "13.0-13.1": 0.07568379010620958,
    "13.2": 0.05164178840580398,
    "13.3": 0.28179813472879006,
    "13.4-13.7": 2.874151225700059,
    "14.0-14.3": 10.226561905351275
  },
  "op_mini": {
    "all": 0.01237677935070208
  },
  "android": {
    "3": 0,
    "4": 0,
    "81": 0.1185928334997586,
    "2.1": 0,
    "2.2": 0.00012937400018155486,
    "2.3": 0.0004959336673626269,
    "4.1": 0.0004959336673626269,
    "4.2-4.3": 0,
    "4.4": 0,
    "4.4.3-4.4.4": 0
  },
  "bb": {
    "7": 0,
    "10": 0.00023718566699951722
  },
  "op_mob": {
    "10": 0.002738416337176244,
    "11": 0.002738416337176244,
    "12": 0.002738416337176244,
    "59": 0.002738416337176244,
    "11.1": 0.002738416337176244,
    "11.5": 0.002738416337176244,
    "12.1": 0.002738416337176244
  },
  "and_chr": {
    "87": 4.993901094008108
  },
  "and_ff": {
    "83": 0.040105940056282006
  },