{
  "ie": {
    "6": 0,
    "7": 0.013667573295921064,
    "8": 0,
    "9": 0.00018304785664179996,
    "10": 0.002583008643723177,
    "11": 0.9805670293793844,
    "5.5": 0
  },
  "edge": {
    "12": 0.0005898208714013554,
    "13": 0.00034575706254562214,
    "14": 0.0026440245959371105,
    "15": 0.006569384188366821,
    "16": 0.02308436858760477,
    "17": 0.06258202832075761,
    "18": 1.7054772189823881,
    "79": 0.00046778896697348876,
    "80": 0.007382930217885932,
    "81": 0.12107598784318167,
    "83": 0.01810139915680022,
    "84": 0.21986081447753972,
    "85": 3.305884968252383,
    "86": 4.2580592412015505,
    "87": 0.4590840244576343
  },
  "firefox": {
    "2": 0,
    "3": 0,
    "4": 0.0005898208714013554,
    "5": 0,
    "6": 0,
    "7": 0,
    "8": 0,
    "9": 0,
    "10": 0,
    "11": 0,
    "12": 0,
    "13": 0,
    "14": 0,
    "15": 0,
    "16": 0,
    "17": 0,
    "18": 0,
    "19": 0,
    "20": 0,
    "21": 0,
    "22": 0,
    "23": 0,
    "24": 0,
    "25": 0.000061015952213933325,
    "26": 0.00012203190442786665,
    "27": 0.000061015952213933325,
    "28": 0,
    "29": 0,
    "30": 0,
    "31": 0.00012203190442786665,
    "32": 0.00034575706254562214,
    "33": 0,
    "34": 0,
    "35": 0,
    "36": 0,
    "37": 0,
    "38": 0,
    "39": 0,
    "40": 0.00012203190442786665,
    "41": 0,
    "42": 0.00018304785664179996,
    "43": 0,
    "44": 0,
    "45": 0.00012203190442786665,
    "46": 0.0007728687280431554,
    "47": 0.00018304785664179996,
    "48": 0.0024609767392953104,
    "49": 0.000061015952213933325,
    "50": 0.00028474111033168886,
    "51": 0.004230439353499377,
    "52": 0.002237251581177555,
    "53": 0.00018304785664179996,
    "54": 0.0003050797610696666,
    "55": 0.00012203190442786665,
    "56": 0.004067730147595554,
    "57": 0.0007728687280431554,
    "58": 0.0013626895994445108,
    "59": 0.0006508368236152887,
    "60": 0.001525398805348333,
    "61": 0.00046778896697348876,
    "62": 0.00018304785664179996,
    "63": 0.001342350948706533,
    "64": 0.000061015952213933325,
    "65": 0.0035389252284081323,
    "66": 0.002277928882653511,
    "67": 0.0012813349964925997,
    "68": 0.05251439620545861,
    "69": 0.0015864147575622664,
    "70": 0.0016881080112521553,
    "71": 0.0032745227688144216,
    "72": 0.01806072185532426,
    "73": 0.0021558969782256437,
    "74": 0.009742213703491353,
    "75": 0.005227033239660288,
    "76": 0.01269131806049813,
    "77": 0.018772574631153484,
    "78": 0.19091891447739737,
    "79": 0.09048665713326311,
    "80": 0.7656485070311733,
    "81": 0.7931870401303951,
    "82": 0.8100681202429167,
    "83": 0.2025729613502586,
    "84": 0.002705040548151044,
    "85": 0.000061015952213933325,
    "3.5": 0,
    "3.6": 0.000061015952213933325
  },
  "chrome": {
    "4": 0,
    "5": 0,
    "6": 0,
    "7": 0,
    "8": 0,
    "9": 0,
    "10": 0,
    "11": 0,
    "12": 0,
    "13": 0,
    "14": 0,
    "15": 0,
    "16": 0,
    "17": 0.0005288049191874222,
    "18": 0,
    "19": 0.000061015952213933325,
    "20": 0,
    "21": 0,
    "22": 0,
    "23": 0,
    "24": 0,
    "25": 0,
    "26": 0,
    "27": 0,
    "28": 0,
    "29": 0,
    "30": 0.000061015952213933325,
    "31": 0.000061015952213933325,
    "32": 0,
    "33": 0,
    "34": 0,
    "35": 0,
    "36": 0,
    "37": 0.0012813349964925997,
    "38": 0.000061015952213933325,
    "39": 0.0002440638088557333,
    "40": 0.0003660957132835999,
    "41": 0.000061015952213933325,
    "42": 0,
    "43": 0.000061015952213933325,
    "44": 0,
    "45": 0.000061015952213933325,
    "46": 0.00018304785664179996,
    "47": 0.00046778896697348876,
    "48": 0.0002440638088557333,
    "49": 0.017125143921377286,
    "50": 0,
    "51": 0.0005288049191874222,
    "52": 0.0005898208714013554,
    "53": 0.0015864147575622664,
    "54": 0.000061015952213933325,
    "55": 0.00046778896697348876,
    "56": 0.0007728687280431554,
    "57": 0.001240657695016644,
    "58": 0.01635227519333413,
    "59": 0.0018914945186319328,
    "60": 0.044765370274289076,
    "61": 0.0013016736472305774,
    "62": 0.016169227336692328,
    "63": 0.022880982080224994,
    "64": 0.06634467870728349,
    "65": 0.09620181799063486,
    "66": 0.0016067534083002441,
    "67": 0.040575608222265656,
    "68": 0.0517008501759395,
    "69": 0.02021661883354991,
    "70": 0.08489352818031923,
    "71": 0.042975569009347035,
    "72": 0.12878433647287524,
    "73": 0.01924036359812697,
    "74": 0.08548334905172057,
    "75": 0.08237153548880999,
    "76": 0.08334779072423291,
    "77": 0.10191697884800663,
    "78": 0.10984905263581794,
    "79": 0.3079068335222455,
    "80": 0.3622720469448601,
    "81": 0.1947019035146612,
    "83": 1.5735403916451265,
    "84": 3.721261232274103,
    "85": 22.127150329272585,
    "86": 25.60383928642251,
    "87": 1.6776336061220964,
    "88": 0.0014847215038723775,
    "89": 0,
    "90": 0
  },
  "safari": {
    "4": 0,
    "5": 0,
    "6": 0,
    "7": 0.00018304785664179996,
    "8": 0.0010576098383748443,
    "9": 0.0004067730147595554,
    "10": 0.0006101595221393332,
    "11": 0.032379131974860614,
    "12": 0.10838466978268355,
    "13": 0.5195304944509043,
    "14": 3.543298038316798,
    "3.1": 0,
    "3.2": 0,
    "5.1": 0,
    "6.1": 0.0002440638088557333,
    "7.1": 0,
    "9.1": 0.012833688615663974,
    "10.1": 0.05995834237555848,
    "11.1": 0.2577110435009164,
    "12.1": 0.62034918615906,
    "13.1": 4.565945736073058,
    "TP": 0
  },
  "opera": {
    "9": 0,
    "11": 0,
    "12": 0,
    "15": 0,
    "16": 0,
    "17": 0,
    "18": 0,
    "19": 0,
    "20": 0,
    "21": 0,
    "22": 0,
    "23": 0,
    "24": 0,
    "25": 0,
    "26": 0,
    "27": 0,
    "28": 0,
    "29": 0,
    "30": 0,
    "31": 0,
    "32": 0,
    "33": 0,
    "34": 0,
    "35": 0,
    "36": 0.00012203190442786665,
    "37": 0,
    "38": 0,
    "39": 0,
    "40": 0,
    "41": 0,
    "42": 0,
    "43": 0,
    "44": 0,
    "45": 0,
    "46": 0,
    "47": 0,
    "48": 0,
    "49": 0,
    "50": 0,
    "51": 0.000061015952213933325,
    "52": 0,
    "53": 0,
    "54": 0,
    "55": 0,
    "56": 0,
    "57": 0.000061015952213933325,
    "58": 0,
    "60": 0,
    "62": 0,
    "63": 0.000061015952213933325,
    "64": 0,
    "65": 0,
    "66": 0.00012203190442786665,
    "67": 0.00034575706254562214,
    "68": 0.010779484891128219,
    "69": 0.00018304785664179996,
    "70": 0.01332181623337544,
    "71": 0.04220270028130388,
    "72": 0.01924036359812697,
    "9.5-9.6": 0,
    "10.0-10.1": 0,
    "10.5": 0,
    "10.6": 0,
    "11.1": 0,
    "11.5": 0,
    "11.6": 0,
    "12.1": 0.00034575706254562214
  },
  "ios_saf": {
    "8": 0,
    "14": 3.0019848489255194,
    "3.2": 0,
    "4.0-4.1": 0,
    "4.2-4.3": 0,
    "5.0-5.1": 0,
    "6.0-6.1": 0.000061015952213933325,
    "7.0-7.1": 0.00042711166549753326,
    "8.1-8.4": 0.0002440638088557333,
    "9.0-9.2": 0.0019931877723218215,
    "9.3": 0.012589624806808242,
    "10.0-10.2": 0.0025219926915092438,
    "10.3": 0.035368913633343345,
    "11.0-11.2": 0.017043789318425373,
    "11.3-11.4": 0.05725330182740743,
    "12.0-12.1": 0.09628317259358678,
    "12.2-12.4": 0.36387880035316034,
    "13.0-13.1": 0.11298120484946653,
    "13.2": 0.049687323752879695,
    "13.3": 0.4271726814497471,
    "13.4-13.7": 6.890002678600301
  },
  "op_mini": {
    "all": 0.01322012297968555
  },
  "android": {
    "3": 0.000061015952213933325,
    "4": 0,
    "81": 0.12075056943137404,
    "2.1": 0,
    "2.2": 0,
    "2.3": 0.0004067730147595554,
    "4.1": 0.00034575706254562214,
    "4.2-4.3": 0,
    "4.4": 0,
    "4.4.3-4.4.4": 0
  },
  "bb": {
    "7": 0,
    "10": 0.0002440638088557333
  },
  "op_mob": {
    "10": 0.0017287853127281106,
    "11": 0.0017287853127281106,
    "12": 0.0017287853127281106,
    "59": 0.0017287853127281106,
    "11.1": 0.0017287853127281106,
    "11.5": 0.0017287853127281106,
    "12.1": 0.0017287853127281106
  },
  "and_chr": {
    "87": 4.630622645419828
  },