{
  "ie": {
    "6": 0,
    "7": 0.01920636170933725,
    "8": 0,
    "9": 0.0020880974517148137,
    "10": 0.00006202269658558852,
    "11": 0.8266798485571143,
    "5.5": 0
  },
  "edge": {
    "12": 0.00012404539317117705,
    "13": 0.00037213617951353117,
    "14": 0.0034112483122073693,
    "15": 0.0027703471141562875,
    "16": 0.017965907777625478,
    "17": 0.05482806378166027,
    "18": 0.7668486205842165,
    "79": 0.00006202269658558852,
    "80": 0.022142102681055105,
    "81": 0.06588877800609022,
    "83": 0.002687650185375503,
    "84": 0.008517783664420825,
    "85": 0.04926669532115249,
    "86": 2.5959186171254176,
    "87": 5.804001249550594,
    "88": 0.7514256433666002
  },
  "firefox": {
    "2": 0,
    "3": 0,
    "4": 0,
    "5": 0,
    "6": 0,
    "7": 0,
    "8": 0,
    "9": 0.00006202269658558852,
    "10": 0,
    "11": 0,
    "12": 0,
    "13": 0,
    "14": 0,
    "15": 0,
    "16": 0,
    "17": 0.00006202269658558852,
    "18": 0,
    "19": 0,
    "20": 0,
    "21": 0,
    "22": 0,
    "23": 0,
    "24": 0,
    "25": 0,
    "26": 0.00012404539317117705,
    "27": 0.00006202269658558852,
    "28": 0.00012404539317117705,
    "29": 0,
    "30": 0,
    "31": 0,
    "32": 0.00037213617951353117,
    "33": 0,
    "34": 0,
    "35": 0,
    "36": 0,
    "37": 0,
    "38": 0,
    "39": 0,
    "40": 0,
    "41": 0.00006202269658558852,
    "42": 0,
    "43": 0.00006202269658558852,
    "44": 0,
    "45": 0.00012404539317117705,
    "46": 0,
    "47": 0.0012611281639069668,
    "48": 0.003266528686840996,
    "49": 0,
    "50": 0.00018606808975676559,
    "51": 0.002212142844885991,
    "52": 0.002584279024399522,
    "53": 0,
    "54": 0.002336188238057168,
    "55": 0.00012404539317117705,
    "56": 0.002336188238057168,
    "57": 0.0002480907863423541,
    "58": 0.0006822496624414739,
    "59": 0.00012404539317117705,
    "60": 0.00070292389463667,
    "61": 0,
    "62": 0.0004341588760991197,
    "63": 0.0008889919843934357,
    "64": 0.00006202269658558852,
    "65": 0.0011991054673213782,
    "66": 0.0016952870400060863,
    "67": 0.0008889919843934357,
    "68": 0.021356481857637652,
    "69": 0.004610353779528747,
    "70": 0.005499345763922183,
    "71": 0.0006822496624414739,
    "72": 0.00676047392782915,
    "73": 0.0020260747551292253,
    "74": 0.013272857069315946,
    "75": 0.0011370827707357896,
    "76": 0.0024602336312283452,
    "77": 0.00886924561173916,
    "78": 0.16252013928643713,
    "79": 0.0021294459161052062,
    "80": 0.01724230965079361,
    "81": 0.09421247611350897,
    "82": 0.6476409977467154,
    "83": 0.8471680126625537,
    "84": 1.0556056216545215,
    "85": 0.0946259607574129,
    "86": 0.00562339115709336,
    "87": 0,
    "3.5": 0,
    "3.6": 0.00006202269658558852
  },
  "chrome": {
    "4": 0,
    "5": 0,
    "6": 0,
    "7": 0,
    "8": 0,
    "9": 0,
    "10": 0,
    "11": 0,
    "12": 0,
    "13": 0,
    "14": 0,
    "15": 0,
    "16": 0,
    "17": 0,
    "18": 0,
    "19": 0,
    "20": 0,
    "21": 0,
    "22": 0,
    "23": 0,
    "24": 0,
    "25": 0,
    "26": 0,
    "27": 0,
    "28": 0.00006202269658558852,
    "29": 0,
    "30": 0.00006202269658558852,
    "31": 0.00012404539317117705,
    "32": 0,
    "33": 0,
    "34": 0,
    "35": 0,
    "36": 0,
    "37": 0.00070292389463667,
    "38": 0.00006202269658558852,
    "39": 0.0003101134829279427,
    "40": 0.0009303404487838279,
    "41": 0.00037213617951353117,
    "42": 0.00012404539317117705,
    "43": 0,
    "44": 0.00012404539317117705,
    "45": 0.00006202269658558852,
    "46": 0,
    "47": 0,
    "48": 0,
    "49": 0.012321842388336921,
    "50": 0.00006202269658558852,
    "51": 0,
    "52": 0.0002480907863423541,
    "53": 0.0018193324331772635,
    "54": 0.0011370827707357896,
    "55": 0.00012404539317117705,
    "56": 0.0021501201483004025,
    "57": 0.0004961815726847082,
    "58": 0.009778911828327791,
    "59": 0.0008889919843934357,
    "60": 0.0012611281639069668,
    "61": 0.0004961815726847082,
    "62": 0.006512383141486796,
    "63": 0.012652630103460061,
    "64": 0.26026790910532466,
    "65": 0.07000295021293426,
    "66": 0.005809459246850126,
    "67": 0.03146618140108858,
    "68": 0.019785240210802742,
    "69": 0.039839245440143035,
    "70": 0.29098981814738617,
    "71": 0.045338591204065214,
    "72": 0.30273278203425763,
    "73": 0.010812623438087601,
    "74": 0.060410106474363234,
    "75": 0.05412513988702358,
    "76": 0.0864803132725056,
    "77": 0.04728196903041366,
    "78": 0.056295934267519186,
    "79": 0.6831800028902576,
    "80": 0.37013077899059715,
    "81": 0.10496307685501098,
    "83": 0.7486552962524439,
    "84": 0.43759079864352224,
    "85": 1.2631955871264864,
    "86": 20.124525035358108,
    "87": 29.06191291641263,
    "88": 2.3836769494095336,
    "89": 0.004444959921967178,
    "90": 0.00018606808975676559,
    "91": 0
  },
  "safari": {
    "4": 0,
    "5": 0.00012404539317117705,
    "6": 0,
    "7": 0.0005582042692702968,
    "8": 0.0011991054673213782,
    "9": 0,
    "10": 0.004031475278063254,
    "11": 0.0173043323473792,
    "12": 0.07054048025000936,
    "13": 0.35224756814175245,
    "14": 6.068114565844225,
    "3.1": 0,
    "3.2": 0,
    "5.1": 0,
    "6.1": 0.0008269692878078471,
    "7.1": 0,
    "9.1": 0.005437323067336595,
    "10.1": 0.02528458597472492,
    "11.1": 0.1810442513333329,
    "12.1": 0.47980758078611285,
    "13.1": 2.2281033521406823,
    "TP": 0
  },
  "opera": {
    "9": 0,
    "11": 0,
    "12": 0,
    "15": 0,
    "16": 0,
    "17": 0,
    "18": 0,
    "19": 0,
    "20": 0,
    "21": 0,
    "22": 0,
    "23": 0,
    "24": 0,
    "25": 0,
    "26": 0,
    "27": 0,
    "28": 0,
    "29": 0,
    "30": 0,
    "31": 0,
    "32": 0,
    "33": 0,
    "34": 0,
    "35": 0,
    "36": 0,
    "37": 0,
    "38": 0,
    "39": 0,
    "40": 0,
    "41": 0,
    "42": 0,
    "43": 0,
    "44": 0,
    "45": 0,
    "46": 0,
    "47": 0,
    "48": 0,
    "49": 0,
    "50": 0,
    "51": 0,
    "52": 0,
    "53": 0.00070292389463667,
    "54": 0,
    "55": 0,
    "56": 0,
    "57": 0.00006202269658558852,
    "58": 0,
    "60": 0,
    "62": 0,
    "63": 0,
    "64": 0,
    "65": 0,
    "66": 0.00006202269658558852,
    "67": 0,
    "68": 0,
    "69": 0,
    "70": 0,
    "71": 0.023196488523010112,
    "72": 0.0475920825133416,
    "9.5-9.6": 0,
    "10.0-10.1": 0,
    "10.5": 0,
    "10.6": 0,
    "11.1": 0,
    "11.5": 0,
    "11.6": 0,
    "12.1": 0.0009510146809790242
  },
  "ios_saf": {
    "8": 0,
    "3.2": 0.00006202269658558852,
    "4.0-4.1": 0.00006202269658558852,
    "4.2-4.3": 0,
    "5.0-5.1": 0,
    "6.0-6.1": 0.00006202269658558852,
    "7.0-7.1": 0.0006822496624414739,
    "8.1-8.4": 0.00012404539317117705,
    "9.0-9.2": 0.001633264343420498,
    "9.3": 0.0076908143766129785,
    "10.0-10.2": 0.0006822496624414739,
    "10.3": 0.029316061252788177,
    "11.0-11.2": 0.01389308403517183,
    "11.3-11.4": 0.04744736288797523,
    "12.0-12.1": 0.04172060056990588,
    "12.2-12.4": 0.24319099331209262,
    "13.0-13.1": 0.05768110782459734,
    "13.2": 0.052347155918236715,
    "13.3": 0.23535545931011329,
    "13.4-13.7": 1.5598708191275517,
    "14.0-14.3": 11.709761069965943
  },
  "op_mini": {
    "all": 0.01037846456198848
  },
  "android": {
    "3": 0,
    "4": 0,
    "81": 0.12613349062289186,
    "2.1": 0,
    "2.2": 0.00018606808975676559,
    "2.3": 0.00006202269658558852,
    "4.1": 0.0003101134829279427,
    "4.2-4.3": 0,
    "4.4": 0,
    "4.4.3-4.4.4": 0
  },
  "bb": {
    "7": 0,
    "10": 0.0003101134829279427
  },
  "op_mob": {
    "10": 0.003266528686840996,
    "11": 0.003266528686840996,
    "12": 0.003266528686840996,
    "59": 0.003266528686840996,
    "11.1": 0.003266528686840996,
    "11.5": 0.003266528686840996,
    "12.1": 0.003266528686840996
  },
  "and_chr": {
    "88": 4.954517722882178
  },
  "and_ff": {
    "83": 0.032747983797190745
  },
  "ie_mob": {
    "10": 0,
    "11": 0
  },